1."Пригожин заявил, что разворачивает колонны и уходит обратно. После разговора с Лукашенко?"
2.В Нарынской области заработал новый инклюзивный центр
3."Вооруженный мятеж в России. Что произошло 23-24 июня (коротко)"
4."В Кыргызстане подорожала электроэнергия. Как сэкономить на отоплении? (видео)"
5."В России заявили о вооруженном мятеже со стороны ЧВК ""Вагнер"". Трансляция"
6.Кыргызстан помог народу Афганистана медикаментами (фото)
7.В Нацбанке КР прокомментировали резкое падение курса рубля в банках Кыргызстана
8.Кто на свете всех милее? Геополитика президентов Кыргызстана
9.Водителям маршруток и руководителям транспортных фирм рассказали, как надо работать (фото)
10.Министр обороны, мэр Бишкека и госсекретарь сходили на выпуск офицеров Военного института
11.Психолог Инна Поляк о том, как выбирать профессию (и как родителям с этим смириться)
12.Прогноз погоды в Бишкеке в последние дни июня
13.Истощенную рысь из Нарынской области вылечили и выпустили на волю (видео)
14."Гид Kaktus. Курсы SMM в Бишкеке - 2023 (цены, контакты)"
15.Курс валют на Моссовете: рубль упал и стоит меньше сома
16.Боец из Кыргызстана стал чемпионом Brave Combat Federation в полулегком весе
17.Скрываясь от милиции, водитель врезался в авто УПСМ и еще одну машину (видео)
18.По периметру Бишкека и в зонах отдыха УПСМ выставило блокпосты
19."Вооруженный мятеж в России. Силовикам поручили нейтрализовать организаторов"
20."""Начала обеспечивать себя и детей"". Как кризисные центры учатся зарабатывать"
